Input Size,Execution Time (s)
590,0.0048674
1190,0.0023155
1790,0.0056923
2390,0.0036633
2990,0.0055637
3590,0.0042811
4190,0.004509
4790,0.0059973
5390,0.0069704
5990,0.0066794
6590,0.0088541
7190,0.0093404
7790,0.005251
8390,0.0085212
8990,0.0084673
9590,0.0100905
10190,0.0089255
10790,0.0203341
11390,0.0117406
11990,0.0101361
12590,0.0091246
13190,0.0106949
13790,0.0111901
14390,0.0118875
14990,0.0121937
15590,0.0118744
16190,0.0131013
16790,0.0128584
17390,0.0118166
17990,0.0146727
